ID,Answer,Category,Confidence,Needs Review,Question,Review Question,Scripture,Status,Suggested Page,MergeGroup,CanonicalID,AltQuestions,Publish
Q0001,"Finding the right church is about more than choosing a place to attend on Sundays—it's about finding a community that helps you grow in your relationship with Jesus.

Look for a church where Christ is at the centre, the Bible is taught faithfully, people genuinely care for one another, and you have opportunities to grow and serve. Visit a few times, ask questions, and prayerfully decide before making it your church home.

At ROLCC, we encourage people to take their time and make an informed decision.",Finding & Visiting Church,,,I'm new to Bangalore. How do I find a church?,,,Approved,,find-church-bangalore,Q0001,I've recently moved to HSR Layout. How do I find a church community?,Yes
Q0002,"Yes. Work schedules don't prevent you from being part of a church community.
While gathering together is important, we understand that work commitments can sometimes make Sunday attendance difficult. At ROLCC, we have Cell Fellowships that meet both online and in person on weekday evenings, along with various activities throughout the week where you can build relationships, grow in your faith, and stay connected to the church community.",Finding & Visiting Church,,,I work weekends sometimes. Can I still be part of a church?,,,Approved,,work-schedule,Q0002,I'm an IT professional with an unpredictable schedule. How can I stay connected? | Can I get involved even if I have a busy work schedule?,Yes
Q0005,"Absolutely. International students are always welcome at ROLCC.

Whether you're in Bangalore for your studies, work, or a short stay, we hope you'll find a welcoming community where you can worship, build friendships, and grow in your faith while you're here.",Serving & Ministry,,,Which church in Bangalore is good for international students?,,,Approved,,,Q0005,,Yes
Q0007,"A church is the right fit if it helps you know Jesus, teaches the Bible faithfully, encourages spiritual growth, and helps you become part of a genuine Christian community.

Ask yourself whether Christ is at the centre, the Bible is taught faithfully, you're growing spiritually, building meaningful relationships, and finding opportunities to serve.

At ROLCC, we encourage you to visit a few times, ask questions, and prayerfully decide before making it your church home.",Finding & Visiting Church,,,How do I know if a church is right for me?,,,Approved,,church-right-fit,Q0007,What should I look for in a church? | How do I choose the right church?,Yes
Q0010,"Building community begins with showing up consistently, getting to know people, and taking part in church life beyond Sunday services.

As you become more familiar with the church, consider joining a Cell Fellowship, serving in a ministry, or participating in church activities. These are often the best places to build meaningful relationships and grow in your faith.

At ROLCC, we believe church is more than attending a service—it's about growing together as a community.",Finding & Visiting Church,,,How can I become part of the church community?,,,Approved,,community-path,Q0010,What if I don't understand the sermon? | How do I move from simply attending church to becoming part of a community? | How can church become more than just a Sunday routine?,Yes
Q0011,"When you visit ROLCC, you can expect a warm welcome, a time of worship, prayer, and a Bible-based message. You're free to participate as much or as little as you're comfortable with.
As a first-time visitor, you'll also receive a thoughtfully prepared welcome kit. It includes information about the church, a handcrafted greeting, and a few small gifts that have been prayerfully prepared as a simple expression of our love and appreciation for your visit.
After the service, you're welcome to meet our pastors or church members, ask questions, or simply head home at your own pace.",Finding & Visiting Church,,,What happens when I visit a church for the first time?,,,Approved,,,Q0011,,Yes
Q0012,"You can simply walk in. Registration is not required for a regular Sunday service. If you need any assistance, our welcome team will be happy to help you.",General,High,,"Can I just walk in, or do I need to register?",,,Approved,Sunday Service,,Q0012,,Yes
Q0013,There is no dress code at ROLCC. Wear something modest and comfortable. Our desire is that you feel at ease and can focus on worship and hearing God's Word rather than what you're wearing.,Finding & Visiting Church,High,,What should I wear to church?,,,Approved,Sunday Service,,Q0013,,Yes
Q0015,"That's perfectly alright. Whether you're familiar with the songs and prayers or experiencing them for the first time, you're welcome to participate at your own pace. There is no expectation to know everything, and we're always happy to help you feel at home.",Care & Hope,,,What if I don't know the songs or prayers?,,,Approved,,worship-participation,Q0015,Is it okay if I don't sing during worship?,Yes
Q0016,"Yes. Everyone is welcome at ROLCC regardless of their faith or background. Whether you're exploring Christianity, visiting with a friend, or simply curious, you're welcome to attend our services without any pressure to become a member or Christian. You're free to observe, ask questions, and take your journey at your own pace.",Finding & Visiting Church,High,,Can I visit a Christian church if I'm not a Christian?,,Romans 15:7,Approved,Homepage,non-christian-welcome,Q0016,Can people from any religion attend a church service? | Is it okay if I just want to observe? | Can I come even if I'm still exploring Christianity? | Do I have to believe before I attend? | I'm an atheist. Can I attend church? | Can agnostics go to church? | I'm not a Christian. Will I feel out of place? | Do churches welcome skeptics? | Can I visit if I'm not a Christian? | Can I attend church even if I don't believe in God?,Yes
Q0018,"No. We won't pressure you to make a decision or become a Christian.

Our desire is to create a welcoming environment where you can explore the Christian faith, ask honest questions, and make your own decisions. If you'd like to speak with someone or receive prayer, we're always available.",General,,,Will anyone try to convert me?,,,Approved,,no-convert-pressure,Q0018,Will people expect me to convert? | Is church only for believers? | Do churches offer money or gifts to convert people?,Yes
Q0020,"Absolutely. We believe honest questions are an important part of every faith journey.

Whether you're exploring Christianity for the first time or seeking deeper understanding, you're welcome to ask questions and have open conversations with our pastors or church members. Our desire is to help people discover the truth of God's Word with grace, respect, and patience.",Finding & Visiting Church,,,Can I ask questions about Christianity without feeling pressured?,,,Approved,,questions-pressure,Q0020,Will Christians try to argue with me?,Yes
Q0021,"Yes. You're welcome at ROLCC exactly as you are. Whether you're facing personal challenges, family difficulties, loneliness, grief, anxiety, or simply searching for hope, you don't have to have everything figured out before coming to church.
We're here to walk alongside you with prayer, biblical encouragement, and practical support. Where appropriate, we also have trained counsellors and experienced professionals who can listen, guide, and support you through different seasons of life.
You don't have to face life's challenges alone.",Finding & Visiting Church,,,Can I come to church even if I'm struggling?,,,Approved,,struggling-welcome,Q0021,"I don't think I'm ""good enough"" for church. | What if I cry during church?",Yes
Q0022,"Absolutely. We'd be honoured to pray with you.

Whether your request is personal, for your family, work, health, or anything else, our pastors and prayer team are available after every service. You can also share your prayer request with us online or contact the church during the week.",Care & Hope,,,Can I ask someone to pray for me?,,,Approved,,,Q0022,,Yes
Q0023,"Yes. If you'd like to speak with a pastor, we'd be happy to arrange a private conversation.

Whether you have questions about faith, need spiritual guidance, or simply want someone to listen, we'll do our best to provide a safe, caring, and confidential environment.",Serving & Ministry,,,Can I talk to a pastor privately?,,,Approved,,,Q0023,,Yes
Q0024,"Yes. One of the purposes of the church is to support one another through every season of life.

Depending on your situation, this may include prayer, pastoral care, counselling, practical encouragement, or connecting you with a caring church community. We want you to know that you don't have to walk through difficult times alone.",Finding & Visiting Church,,,Can the church help me if I'm going through a difficult time?,,,Approved,,,Q0024,,Yes
Q0025,"No. If you need prayer, pastoral care, or someone to talk to, you're welcome to reach out regardless of how long you've been attending ROLCC.

While lasting care naturally grows through relationships within the church, we're always willing to listen and help where we can.",Finding & Visiting Church,,,Do I have to attend regularly before asking for help?,,,Approved,,,Q0025,,Yes
Q0026,"Absolutely. Children are always welcome at ROLCC.
Families are an important part of our church, and you're welcome to have your children with you. We also have a dedicated River Kids Ministry where children can learn about Jesus in a safe, engaging, and age-appropriate environment.",Families & Children,,,Can I bring my children with me?,,,Approved,,,Q0026,,Yes
Q0027,"Yes. During our Sunday services, children can be part of River Kids Ministry, where they learn biblical truths through worship, Bible lessons, activities, games, memory verses, and age-appropriate teaching.
Our desire is to help children grow in their faith while enjoying a safe and welcoming environment",Families & Children,,,Is there a children's program during the service?,,,Approved,,,Q0027,,Yes
Q0028,"Your child's safety and wellbeing are important to us.

Our River Kids Ministry is conducted by trained volunteers in a caring environment designed for children to learn and grow. We strive to provide a safe, welcoming, and well-supervised experience for every child.",Families & Children,,,Will my child be safe?,,,Approved,,,Q0028,,Yes
Q0029,"That's completely okay.

We understand that babies and young children have their own routines, and parents should never feel embarrassed. If you need a moment to comfort your child, you're free to do so and return whenever you're ready.",Families & Children,,,What if my baby cries during the service?,,,Approved,,,Q0029,,Yes
Q0030,"Yes. Joining River Kids is optional.

Children are welcome to remain with their parents during the service if that's what you're most comfortable with. Our River Kids Ministry is available for families who would like their children to participate in a dedicated, age-appropriate program.",Families & Children,,,Can children stay with their parents if they don't want to join the kids' program?,,,Approved,,,Q0030,,Yes
Q0031,"Absolutely. Many people visit ROLCC on their own, whether they're new to Bangalore, exploring Christianity, or simply looking for a church community.

You'll be warmly welcomed, and if you'd like, our team can help you get connected with others after the service.",Finding & Visiting Church,,,Can I come to church by myself?,,,Approved,,,Q0031,,Yes
Q0032,"ROLCC is home to people of different ages and stages of life, including students, young professionals, families, and senior adults.

Beyond our Sunday services, we have Cell Fellowships, ministry teams, and activities throughout the week that make it easier to build meaningful friendships with people in a similar season of life.",General,,,Will I meet people my age?,,,Approved,,,Q0032,,Yes
Q0033,"Friendships grow naturally as you spend time with people.
At ROLCC, many lasting friendships begin through our weekday Cell Fellowships (online and in person), ministry teams, and church activities. These smaller gatherings create opportunities to know people personally, grow in faith together, and support one another beyond Sunday services.",Finding & Visiting Church,,,How can I make friends in the church?,,,Approved,,,Q0033,,Yes
Q0034,"Yes. Church life at ROLCC extends beyond Sunday services.
Throughout the week, we have Cell Fellowships (online and in person), prayer meetings, ministry gatherings, training programmes, outreach initiatives, and other activities designed to help people grow spiritually, build relationships, and serve together.",General,,,Are there activities during the week?,,,Approved,,,Q0034,,Yes
Q0036,"You can expect a welcoming environment, a time of worship through music, prayer, and a Bible-based message centred on Jesus Christ.
As a first-time visitor at ROLCC, you'll also receive a thoughtfully prepared welcome kit with information about the church, a handcrafted greeting, and a few small gifts that have been prayerfully prepared as a simple expression of our love and appreciation for your visit.",Finding & Visiting Church,,,What should I expect when I visit a Christian church?,,,Approved,,,Q0036,,Yes
Q0037,"No. You're welcome to come just as you are.

There is no requirement to know the Bible, understand church traditions, or be familiar with the songs or order of the service. Simply come with an open heart, and participate at your own pace.",Finding & Visiting Church,,,Do I need to know anything before attending?,,,Approved,,,Q0037,,Yes
Q0038,"Yes. Whether you're visiting for the first time or are unfamiliar with some of the songs, prayers, or the order of the service, you're welcome to participate at your own pace.

There is no expectation to know everything, and if you have questions, our pastors and church family will be happy to help.",General,,,Is it okay if I don't understand what's happening?,,,Approved,,,Q0038,,Yes
Q0041,"Becoming part of a church is about more than attending a Sunday service—it's about building relationships and growing together in Christ.
At ROLCC, many people begin by attending regularly, joining a Cell Fellowship, participating in church activities, and serving when they're ready. As relationships grow, church naturally begins to feel like home.",Finding & Visiting Church,,,How can I become part of the church?,,,Approved,,,Q0041,,Yes
Q0042,"Serving is one of the ways we grow as followers of Christ and use the gifts God has given us to bless others.

At ROLCC, there are opportunities to serve in worship, media, children, hospitality, outreach, administration, prayer, technical teams, and many other ministries. We'd be happy to help you discover where your gifts can make the greatest impact.",Serving & Ministry,,,How can I serve at the church?,,,Approved,,,Q0042,,Yes
Q0043,"Not always.

Some serving opportunities are open to those who are regularly attending and getting to know the church, while other ministries may require additional preparation or church membership. This helps us care well for both our volunteers and those they serve.

Our leaders will guide you through the appropriate next steps based on the ministry you're interested in.",Serving & Ministry,,,Do I need to become a member before volunteering?,,,Approved,,,Q0043,,Yes
Q0044,"The best way to join a ministry is to speak with one of our pastors or ministry leaders after a service or contact the church office.

We'll help you understand the different ministry opportunities, learn about your interests and gifts, and guide you towards the ministry where you can serve effectively.",Serving & Ministry,,,How do I join a ministry?,,,Approved,,,Q0044,,Yes
Q0045,"Yes. We believe serving is both a privilege and a responsibility.

Before serving in many ministries, volunteers receive orientation, guidance, and ongoing training to help them serve with excellence, confidence, and Christ-like character.",Serving & Ministry,,,Is there training for volunteers?,,,Approved,,,Q0045,,Yes
Q0046,"Lasting hope isn't found in circumstances but in Jesus Christ.

Life can be uncertain, but God's love, His promises, and His presence remain constant. At ROLCC, our desire is to help people discover the hope found in Christ through God's Word, prayer, worship, and a caring church community.",Care & Hope,,,Where can I find hope?,,,Approved,,,Q0046,,Yes
Q0048,"We'd be honoured to pray with you.

You can speak with one of our pastors or prayer team after any service, submit a prayer request through our website, or contact the church during the week. Whatever you're facing, we'd count it a privilege to stand with you in prayer.",Care & Hope,,,I need someone to pray for me.,,,Approved,,,Q0048,,Yes
Q0053,"If you're looking for a Bible-believing church in Bangalore, we encourage you to find a church where Christ is at the centre, the Bible is taught faithfully, and you're encouraged to grow in your relationship with God.
If you're near HSR Layout, we'd love to welcome you to ROLCC. Along with our Sunday services, we have weekday Cell Fellowships, discipleship opportunities, ministry training, and activities that help people grow spiritually and build meaningful relationships.",Finding & Visiting Church,,,I recently moved to Bangalore for work. Can you recommend a Bible-believing church where I can grow spiritually?,,,Approved,,bible-church-bangalore,Q0053,How do I find a Bible-believing church in Bangalore?,Yes
Q0054,"If you're looking for a church in HSR Layout with an active and welcoming community, you're welcome to visit ROLCC.
Many students, young professionals, couples, and families are part of our church community. Through our Cell Fellowships, ministries, outreach initiatives, and church activities throughout the week, you'll have opportunities to build friendships, grow in your faith, and serve alongside others.",Finding & Visiting Church,,,I'm staying in HSR Layout. Which church has an active young adults community?,,,Approved,,young-professionals,Q0054,Is there a church where young professionals hang out?,Yes
Q0055,"A good children's ministry should provide a safe, caring environment where children can learn God's Word, build friendships, and enjoy coming to church.
At ROLCC, our River Kids Ministry helps children grow through Bible lessons, worship, memory verses, games, creative activities, and age-appropriate teaching, while partnering with parents in their spiritual journey.",Families & Children,,,Which church in Bangalore has good children's ministry?,,,Approved,,kids-ministry,Q0055,Which church in Bangalore has a good children's ministry?,Yes
Q0056,"ROLCC is a Bible-believing Pentecostal church that believes the Holy Spirit continues to work in and through believers as taught in Scripture.
We believe the gifts of the Holy Spirit are given to build up the Church, glorify Christ, and serve others, while always remaining rooted in God's Word.",Finding & Visiting Church,,,I'm looking for a church that believes in the gifts of the Holy Spirit.,,,Approved,,,Q0056,,Yes
Q0059,"Yes. We encourage children to use their gifts to glorify God.

At ROLCC, children have opportunities to participate in worship and special presentations during church events and celebrations. As they grow in confidence and ability, they can be guided and encouraged to serve through music.",Families & Children,,,Are there churches where children can sing in worship?,,,Approved,,,Q0059,,Yes
Q0060,"Yes. Through ROL's School of Music (RSM), children can learn keyboard, guitar, drums, violin, vocals, and other musical skills from trained instructors.
Along with developing musical ability, we encourage students to use their gifts to worship God, serve the church, and grow in confidence and discipline.",Families & Children,,,Can my child learn keyboard or guitar through church?,,,Approved,,child-music,Q0060,Where can my child learn Christian songs? | Can my child learn music at church?,Yes
Q0062,"Children grow in confidence when they're encouraged to learn, participate, and discover the gifts God has given them.
At ROLCC, children are given opportunities to learn, participate in church programmes, develop their talents, and build healthy relationships. Through River Kids and ROL's School of Music (RSM), many children develop confidence both spiritually and personally.",Families & Children,,,Which church helps children build confidence?,,,Approved,,,Q0062,,Yes
Q0063,"Yes. We believe teenagers should be encouraged to discover and use their gifts from a young age.

At ROLCC, teenagers can gradually become involved in different ministries under the guidance of ministry leaders. We encourage them to grow spiritually, serve responsibly, and develop Christ-like character as they serve.",Families & Children,,,Is there a church where my teenager can volunteer?,,,Approved,,,Q0063,,Yes
Q0064,"Yes. Children are encouraged to participate in special church programmes throughout the year, including Christmas celebrations.

These opportunities help children develop confidence, use their gifts, and joyfully share the message of Jesus with the church and the wider community.",Families & Children,,,Can my child participate in Christmas programs?,,,Approved,,,Q0064,,Yes
Q0065,"You're not alone. Many people come to Bangalore for work or studies and are looking for meaningful relationships.
At ROLCC, we believe church is a family where people can belong, grow, and support one another. Through our Cell Fellowships, ministry teams, and activities throughout the week, you'll have opportunities to build genuine friendships and become part of a caring community.",General,,,I'm new to Bangalore and don't know anyone.,,,Approved,,lonely-bangalore,Q0065,I feel alone after moving to Bangalore. | I just moved to Bangalore and feel lonely.,Yes
Q0066,"Meaningful friendships are built by spending time together, sharing life, and being part of a community.
At ROLCC, many lasting friendships begin through Cell Fellowships, ministry teams, outreach programmes, and church activities during the week. These smaller settings make it easier to connect with people beyond a Sunday service.",General,,,How do I make genuine friends in Bangalore?,,,Approved,,friends-bangalore,Q0066,How do I make meaningful friendships in Bangalore? | How do I find community in Bangalore?,Yes
Q0067,"Relocating for work can be exciting, but it can also leave you feeling isolated.
At ROLCC, you'll find more than a Sunday service—you'll find opportunities to connect through Cell Fellowships, church activities, and ministry teams where people encourage, pray for, and journey together through life's different seasons.",Care & Hope,,,I'm feeling lonely after moving for work.,,,Approved,,,Q0067,,Yes
Q0068,"Building friendships outside work is an important part of finding balance and belonging.
At ROLCC, you'll meet people from different professions, backgrounds, and age groups. Through our weekday Cell Fellowships, ministries, and church activities, you'll have opportunities to build genuine friendships that extend beyond the workplace.",General,,,I want to meet people outside my office.,,,Approved,,,Q0068,,Yes
Q0072,"Joining the worship team begins with more than musical ability—it begins with a heart to worship and serve.

If you're interested, speak with one of our worship leaders or pastors. We'll guide you through the next steps, which may include getting to know the church, attending rehearsals, mentoring, and any evaluation process the ministry follows.",Serving & Ministry,,,How do I join a worship team?,,,Approved,,worship-team,Q0072,I play guitar. Can I volunteer at a church? | I play guitar. Can I serve somewhere?,Yes
Q0073,"Yes. If you have a heart for children and a desire to help them grow in their faith, there are opportunities to serve in River Kids Ministry.
Because children's ministry is an important responsibility, every volunteer is guided through the church's onboarding and preparation process before serving.",Families & Children,,,Can I teach children in church?,,,Approved,,,Q0073,,Yes
Q0075,"Absolutely. If you have skills in photography, videography, design, audio, lighting, livestreaming, social media, or technology, there are opportunities to use those gifts to serve God's Kingdom.

Our media ministry supports worship services, church events, and outreach, and we'd be happy to help you explore where you can contribute.",Serving & Ministry,,,I'm a media professional. Can I volunteer at church?,,,Approved,,,Q0075,,Yes
Q0079,"The best way to become involved is to participate consistently.
Attend Sunday services, join a Cell Fellowship, take part in church activities, and explore opportunities to serve. As you build relationships and grow in your faith, you'll naturally become more connected to the life of the church.",Finding & Visiting Church,,,How do I get more involved in church?,,,Approved,,,Q0079,,Yes
Q0081,"Start by serving in one simple place and staying connected to people who can walk with you. Purpose in church isn’t about a “position”—it’s about following Jesus, growing, and using what God has given you to bless others. A practical next step is to join a Cell Fellowship, speak with a pastor or leader, and try one ministry area for a few weeks (welcoming, River Kids, worship, media, outreach, etc.). Over time, your gifts become clearer as you show up, learn, and love people.",Finding & Visiting Church,Medium,,How do I find purpose in church?,,Ephesians 2:10; 1 Peter 4:10; Romans 12:4–6,Approved,,purpose-gifts,Q0081,How do I find purpose in life? | I've been attending church for years but don't feel like I belong. | I feel like there's more to life than work.,Yes
Q0082,"Start small and serve where you can be consistent. At ROLCC, you can simply attend, then share your interest with our church team after a service—or submit it through the Welcome Form. From there, the right department leader will reach out and guide you through the next steps. If you’re not sure where you fit, try one area for a few weeks and see what gives you joy and helps others (Welcoming/Ushering, River Kids, Media/Production, Prayer Ministry, Outreach, Worship, etc.). Serving is one of the best ways to build friendships and grow.",Serving & Ministry,High,,I want to serve but don't know where to start.,,,Approved,,where-serve,Q0082,"How do I start serving in ministry? | I know how to work. I don't know how to serve. | How do I know where I can serve in church? | What if I don't feel ""spiritual enough"" to get involved?",Yes
Q0083,"Yes. Being shy doesn’t disqualify you from serving—many meaningful roles don’t require being “on stage.” At ROLCC, you can attend first, then tell our team you’d like to volunteer (or share it through the Welcome Form). A department leader will connect with you and help you find a role that matches your comfort level and gifts. Some quieter starting points can be Media/Production, River Kids support roles, or helping with set-up and behind-the-scenes tasks. You can also begin by joining a Cell Fellowship to build relationships at your pace.",Serving & Ministry,High,,I'm shy. Can I still volunteer?,,,Approved,,,Q0083,,Yes
Q0084,"Yes. You can attend without talking to anyone. At ROLCC, we try to welcome people warmly and thoughtfully, but we don’t single visitors out or ask anyone to introduce themselves publicly. If you want to come in, sit, listen, and leave quietly, that’s completely okay. When you’re ready, you can take a small next step—say hello to someone after service, fill the Welcome Form, or join a Cell Fellowship where conversations happen more naturally in a smaller group.",Finding & Visiting Church,High,,Can I attend church without talking to anyone?,,,Approved,,visitor-quiet,Q0084,Can I quietly attend a church service? | Is it okay if I just sit and listen during church? | Is it okay if I just want to listen? | Can I attend without praying or singing?,Yes
Q0086,"Yes—visiting is a great first step. You don’t have to join before you come. At ROLCC, you’re welcome to attend a Sunday service, sit in, and simply observe without pressure. We offer a warm welcome, but we won’t ask you to stand up or introduce yourself publicly. If you prefer to keep things private, you can. If you’d like to connect later, you can use the Welcome Form or speak with someone from the team after the service. Take your time—faith and trust often grow one honest step at a time.",Finding & Visiting Church,High,,I don't want to join a church yet. Can I just visit?,,,Approved,,visitor-quiet,Q0086,Can I just attend without joining anything?,Yes
Q0088,"Yes. You can attend ROLCC without becoming a member. Many people take time to understand what we believe, experience the community, and ask honest questions before making any commitment. That said, membership can be meaningful—it’s a way of saying “this is my church family,” and it also helps us care well for you. For certain pastoral services like weddings, baby dedication, burial support, and some priority care, members may receive preference (not to exclude others, but because church family carries shared responsibilities and privileges). You’re welcome either way—start by visiting and take your next step when you’re ready.",Finding & Visiting Church,High,,Can I attend church without becoming a member?,,,Approved,,visitor-no-membership,Q0088,Is church only for Christians?,Yes
Q0089,"Some churches do, but at ROLCC we don’t force visitors to introduce themselves publicly. We understand many people feel anxious about attention, so we avoid putting anyone on the spot. You can attend quietly, sit where you’re comfortable, and simply observe. Our team may greet you warmly, and we have a Welcome Form if you want to share your details—but it’s optional. If you’d like to take a next step later, you can connect with a pastor or join a Cell Fellowship to meet people in a more natural, smaller setting.",Finding & Visiting Church,High,,Do churches force visitors to introduce themselves?,,,Approved,,visitor-no-spotlight,Q0089,Will someone ask me to introduce myself? | I don't like attention. Can I still attend church? | I'm afraid people will judge me.,Yes
Q0091,"Yes. You’re free to leave right after the service, and it won’t be awkward. At ROLCC we try to welcome people warmly, but we don’t corner visitors or pressure anyone to stay. If you need to step out quickly, that’s completely okay. If you’d like to connect another day, you can use the Welcome Form or talk to someone when you have time. And if you’re looking for a smaller, more relaxed way to meet people, a Cell Fellowship during the week is often a gentle next step.",Finding & Visiting Church,High,,Can I leave after the service without being awkward?,,,Approved,,visitor-leave-after,Q0091,Can I leave right after the service?,Yes
Q0092,"No—you won’t be chased. If you share your details through the Welcome Form, someone from our team or a department leader may reach out once to welcome you and offer help, but we don’t believe in repeatedly calling or pressuring people. You’re always in control of how much you want to connect. If you’d rather stay anonymous, you can simply attend without filling anything. And if you do want to take a next step later—prayer, counselling, serving, or a Cell Fellowship—you can reach out when you’re ready.",Serving & Ministry,High,,Will people keep calling me if I visit once?,,,Approved,,visitor-no-chase,Q0092,Will I be contacted if I visit once?,Yes
Q0094,"Yes. It’s completely okay to come alone. Many people visit ROLCC by themselves—especially when they’re new to the city or exploring faith. We’ll welcome you warmly, but we won’t put you on the spot or ask you to introduce yourself publicly. You can sit, listen, and leave quietly if you prefer. If you’d like help finding a smaller circle, we can point you to a Cell Fellowship where friendships often form more naturally during the week.",General,High,,Is it okay if I come alone?,,,Approved,,,Q0094,,Yes
Q0095,"For a Christian, regular fellowship isn’t optional—it’s an important part of growth. If you’re new to faith, it’s okay to begin at a pace you can sustain, but we don’t want “occasional church” to become the goal. We understand some seasons make Sundays difficult (work shifts, travel, health, family). In those times, stay actively connected through Cell Fellowship and other spiritual enrichment during the week—prayer gatherings, serving, training, and community—so you’re still being strengthened and supported, not drifting alone.",General,High,,Can I come occasionally?,,,Approved,,,Q0095,,Yes
Q0100,"Yes—taking a few weeks is wise. You’re welcome to attend ROLCC for a season, listen, watch how we live out our faith, and ask questions before deciding anything. We won’t push you to join quickly, and we won’t ask visitors to introduce themselves publicly. If you want a clearer sense of the church beyond Sunday, try a Cell Fellowship during the week or speak with a pastor or leader after service. Trust is built over time, not in one visit.",Finding & Visiting Church,High,,Can I attend for a few weeks before deciding?,,,Approved,,how-long-decide,Q0100,How long should I attend before deciding to make it my church? | Can I visit more than once before deciding what I believe? | How many times should I visit before deciding?,Yes
Q0101,"Start with one consistent place where you can see the same people regularly. In Bangalore, community is built through rhythms, not random meetups. A simple step is to attend church weekly and join a Cell Fellowship—smaller groups are where friendships grow faster. At ROLCC, you can connect through the Welcome Form, meet someone from our team after service, and find a group or serving team that fits you (Welcoming, Media, Outreach, etc.). Show up consistently for a few weeks—belonging usually follows.",General,High,,I just moved to Bangalore. How do I build a new community?,,,Approved,,,Q0101,,Yes
Q0102,"Start with one safe connection point and take one step at a time. If you’re new and don’t know anyone, begin by attending a Sunday service regularly, then use the Welcome Form so someone can help you get connected. A Cell Fellowship is often the best next step because it’s smaller, relational, and easier to talk. If you’re open to it, serving in a team (Welcoming, Media/Production, Outreach, etc.) also helps you meet people naturally. You don’t have to do it all at once—just start somewhere.",General,High,,I don't know anyone here. Where do I start?,,,Approved,,,Q0102,,Yes
Q0103,"Homesickness is real, and it doesn’t mean you’re weak—it means you loved where you came from. A practical start is to build a small, steady routine: sleep well, eat well, stay connected to family back home, and don’t isolate yourself. Community helps your heart heal, not just time. At ROLCC, joining a Cell Fellowship can give you people who notice you and pray with you. If the sadness feels heavy or long-lasting, our Counselling Ministry can also support you with care and wisdom.",General,High,,I'm homesick. How do I cope?,,,Approved,,,Q0103,,Yes
Q0105,"Look for a church where you can grow in Jesus, be known, and serve—not just attend. A good church will teach the Bible clearly, welcome people from different backgrounds, and help you build real relationships beyond Sundays. Try visiting a few times, ask questions, and notice whether people follow up with care rather than hype. At ROLCC, many people find “home” through a Cell Fellowship and serving in a ministry team during the week, not only through the Sunday service. Home is usually built over time.",Finding & Visiting Church,High,,How do I find a church that feels like home?,,,Approved,,belonging-church,Q0105,I'm looking for a church where I can truly belong.,Yes
Q0106,"Yes. If you’re new to the city, you can absolutely come alone. Many people in Bangalore are starting fresh, and it’s normal to walk in without a friend. At ROLCC, we’ll welcome you warmly, but we won’t make you introduce yourself publicly. You can simply attend, sit, and listen. If you’d like help connecting, use the Welcome Form or speak with someone after service so we can help you find a Cell Fellowship or a serving team where friendships can grow naturally.",General,High,,Can I come alone if I'm new to the city?,,,Approved,,,Q0106,,Yes
Q0107,"Yes. ROLCC is made up of people in different life stages—students, young professionals, parents, and families—so you won’t be the only one in your season. The best way to find “your people” isn’t just by age, but by proximity and consistency. A Cell Fellowship during the week helps you connect with a smaller group where you can actually talk and be known. If you share your details through the Welcome Form, we can help point you to a group that fits you.",General,High,,Are there people my age?,,,Approved,,,Q0107,,Yes
Q0108,"Yes. Church life isn’t meant to be only Sunday. At ROLCC, we also have things happening during the week—especially Cell Fellowships, prayer gatherings, ministry meetings, and training opportunities (like Ministry Training or School of Music, depending on the season). These weekday spaces are often where friendships grow and people receive personal care. If you share your interest through the Welcome Form or speak with our team after service, we can guide you to what’s currently running and what fits your schedule.",General,High,,Is there anything happening during the week?,,,Approved,,,Q0108,,Yes
Q0109,"Settle in by building simple rhythms and a few healthy connections. Choose a neighbourhood routine (sleep, food, exercise), learn your commute, and give yourself time—moving is stressful even when it’s exciting. Then find community on purpose: join a church, a small group, or a serving team where you’ll see the same people consistently. At ROLCC, a Cell Fellowship is often the easiest place to start because it turns a big city into a smaller family. If you need prayer or support, our team is here to help.",General,High,,How do I settle into a new city?,,,Approved,,,Q0109,,Yes
Q0110,"Because loneliness isn’t only about being around people—it’s about feeling known, safe, and connected. You can be surrounded by noise and still feel unseen. A helpful step is to name what you’re missing: deep friendship, family, purpose, rest, or someone who truly understands you. Then take one relational step—join a small group, ask for prayer, talk to someone you trust, or reach out for counselling if it feels heavy. At ROLCC, Cell Fellowships and our Counselling Ministry can help you move from “surrounded” to “supported.”",Care & Hope,High,,Why do I feel lonely even though I'm surrounded by people?,,,Approved,,need-community,Q0110,I don't want to be alone anymore. | I miss having a community.,Yes
Q0111,"Build meaningful friendships by showing up consistently where real conversations can happen. Sundays can be a start, but deeper friendships usually grow in smaller circles. At ROLCC, a practical next step is to join a Cell Fellowship (Midweek Fellowship meets Wednesdays at 8:00 PM), where people pray, share life, and support each other beyond a quick hello. Serving is another pathway—when you join a team like Ushers & Welcome, Media & Production, River Kids, or Outreach, friendships form naturally over time. Start with one step and stay with it for a few weeks.",General,High,,How do I make meaningful friendships?,,,Approved,,friends-at-church,Q0111,How do I make friends at church? | How do I find Christian friends in Bangalore?,Yes
Q0112,"Don’t just fill your weekend—build a rhythm of community. If weekends feel lonely, a simple step is to commit to a Sunday service and one weekday connection point for a season. At ROLCC, many people find family through Cell Fellowship and Midweek Fellowship, where you can actually talk, pray, and be known. Serving also helps—Ushers & Welcome, Media & Production, River Kids, and Outreach teams create natural friendships while you do something meaningful. You don’t have to change everything at once—start with one consistent step.",General,High,,I'm tired of spending weekends alone.,,,Approved,,,Q0112,,Yes
Q0113,"You don’t have to carry this alone. A practical first step is to reach out to one safe person today—a friend, family member, or pastor—and tell them honestly how you’re doing. At ROLCC, you can ask for prayer through our Prayer Ministry, speak with a pastor, or connect through the Welcome Form so someone can follow up. If what you’re carrying feels heavy or long-lasting, our Counselling Ministry is also available for spiritual and practical support. Help is not a weakness—it’s a wise next step.",General,High,,I don't have anyone to talk to.,,,Approved,,,Q0113,,Yes
Q0114,"Yes—church can help, especially through personal care and counselling. Loneliness often needs more than a crowd; it needs a safe place to be heard, prayed with, and guided. At ROLCC, you can reach out to our Counselling Ministry for pre-marital, crisis, family, or spiritual counselling grounded in Scripture. If you also want community support, Cell Fellowship/Midweek Fellowship is a helpful space to build relationships over time. You don’t have to carry loneliness alone—take one step toward support this week.",Care & Hope,High,,Can church help if I'm lonely?,,,Approved,,lost-hope,Q0114,"I lost my faith in humanity, love, and compassion",Yes
Q0115,"Yes—please do. Asking someone to pray with you is a simple, biblical way to seek God’s help, and you don’t need to have the “right words.” At ROLCC, you can request prayer through our Prayer Ministry, speak with a pastor after service, or share your need through the Welcome Form so someone can follow up. If you’re comfortable, a Cell Fellowship is also a safe place to be prayed for and supported over time. You’re not meant to carry burdens alone.",Care & Hope,High,,Is it okay to ask someone to pray with me?,,,Approved,,,Q0115,,Yes
Q0116,"Adults make genuine friends where there’s consistency, shared purpose, and time for real conversation. That’s why quick events rarely cure loneliness. A practical step is to commit to one community space for a season. At ROLCC, Cell Fellowship/Midweek Fellowship is designed for that—prayer, Bible, and doing life together. Serving is another strong pathway: Ushers & Welcome, Media & Production, River Kids, Worship, and Outreach teams help you build friendships while you serve. Real friendship grows through repeated small moments.",General,High,,Where do adults make genuine friends anymore?,,,Approved,,,Q0116,,Yes
Q0118,"Start by simply coming as you are. You don’t need to know what to do or what to wear. At ROLCC, you’re welcome to attend a Sunday service (8:00 AM Tamil, 10:00 AM English at HSR Layout), sit, and observe—no one will force you to introduce yourself publicly. If you want help navigating, you can fill the Welcome Form and our team will connect with you. A great next step after a Sunday is Midweek Fellowship/Cell Fellowship, where you can ask questions and build relationships.",Finding & Visiting Church,High,,I've never been to church. Where do I start?,,,Approved,,,Q0118,,Yes
Q0119,"You can explore Christianity even if you don’t know any Christians personally. A simple start is to attend a Sunday service and just listen. At ROLCC, we won’t put you on the spot or ask you to introduce yourself publicly. Our 10:00 AM service is primarily in English, with people from different backgrounds. If you’d like someone to walk with you, fill the Welcome Form and we can help you connect with a pastor or a Cell Fellowship (Midweek Fellowship meets Wednesdays at 8:00 PM). Questions are welcome—faith grows through honest seeking.",Finding & Visiting Church,High,,I'm curious about Christianity but don't know anyone Christian.,,,Approved,,explore-christianity,Q0119,Can I attend church just to understand Christianity? | I'm curious about Christianity. Can I visit a church?,Yes
Q0120,"Yes. You can ask questions and still be respected. Honest questions are often part of a sincere search for truth. At ROLCC, you don’t have to pretend you have it all figured out—especially if you’re exploring faith. A practical place to ask is a Cell Fellowship/Midweek Fellowship, where conversation is more natural than in a large gathering. You can also speak with a pastor or leader after service. We aim to respond with biblical conviction and humility, not judgement.",General,High,,Can I ask questions without feeling judged?,,,Approved,,difficult-questions,Q0120,Is it okay to ask difficult questions in church? | I'm questioning Christianity. | Can I ask difficult questions?,Yes
Q0122,"Yes. You can explore Christianity at your own pace. God is not threatened by your questions, and real faith grows through understanding, not pressure. At ROLCC, you’re welcome to attend, listen, and take time to process—without being asked to introduce yourself publicly or forced into quick decisions. If you want a next step that still feels gentle, try Midweek Fellowship/Cell Fellowship, where you can ask questions and build relationships. Start with one step you can sustain, and keep moving forward honestly.",Finding & Visiting Church,High,,Can I explore Christianity at my own pace?,,,Approved,,explore-own-pace,Q0122,What if I'm not ready to get involved? | Is it okay to take small steps in my faith journey? | Can I grow at my own pace? | What if I'm not ready to commit? | Can I take my faith journey one step at a time? | Can I come even if I don't have everything figured out?,Yes
Q0123,"No. Church isn’t only for “religious people.” Church is for real people who need God—people searching for hope, healing, community, and truth. At ROLCC, you’re welcome whether you’ve followed Jesus for years or you’re just exploring. You can come, listen, and observe without being put on the spot or asked to introduce yourself publicly. If you want community beyond Sundays, Midweek Fellowship/Cell Fellowship is a practical way to connect. Come as you are, and take your next step when you’re ready.",Finding & Visiting Church,High,,Is church only for religious people?,,,Approved,,,Q0123,,Yes
Q0124,"You’re still welcome. Disagreement doesn’t disqualify you from attending—it often means you’re thinking seriously. At ROLCC, you can come, listen, and ask honest questions without needing to pretend. Over time, we encourage you to test what you hear against Scripture and be open to what God may show you. A helpful next step is to talk with a pastor or join a Cell Fellowship/Midweek Fellowship, where you can discuss beliefs in a calmer setting. We aim to hold biblical conviction with humility and patience.",Finding & Visiting Church,Medium,,What if I disagree with some Christian beliefs?,,,Approved,,disagree-welcome,Q0124,Do I have to agree with everything to attend church? | What if I don't agree with everything I hear at church?,Yes
Q0125,"Yes. You can attend simply to understand Christianity. Many people start by listening before they believe. At ROLCC, you’re welcome to come to a Sunday service (10:00 AM English at HSR Layout), sit, and observe without pressure. We won’t ask visitors to introduce themselves publicly. If you want space to ask questions, Midweek Fellowship/Cell Fellowship is a great next step. You can also use the Welcome Form to connect with someone who can guide you. Explore honestly—God can handle your questions.",Finding & Visiting Church,High,,Can I attend just to understand Christianity?,,,Approved,,observe-listen,Q0125,Can I simply listen?,Yes
Q0126,"Yes—church can be a strong place for your child to grow in values, because values are formed through truth, community, and example. At ROLCC, River Kids is designed to help children learn Scripture, worship, and godly character in an age-appropriate way, while parents are supported too. Along with that, being part of a church family helps children see faith lived out in real life—not just taught. A practical step is to attend as a family consistently and get connected beyond Sundays through fellowship and community.",Families & Children,High,,I want my child to grow up with good values. Is church a good place?,,,Approved,,child-faith,Q0126,I'm looking for a church where my children can grow spiritually.,Yes
Q0128,"Possibly, but it depends on age, readiness, and the pathway the team follows. At ROLCC, we want children to grow in both skill and spiritual maturity, not just be on a stage. A good first step is to connect with our River Kids & Family team or the worship leadership after a service, or share your interest through the Welcome Form so the right leader can guide you. Many children start by learning worship basics and serving in age-appropriate ways before joining larger teams. We’ll help you find the right fit.",Families & Children,Medium,,Can my child join the worship team?,,,Approved,,,Q0128,,Yes
Q0129,"Sometimes, yes—but we try to keep the focus on worship and growth, not spotlight. As children learn and mature, there may be opportunities to participate in church moments (especially through River Kids & Family, worship events, or special programmes), based on what’s appropriate and helpful. If you’re asking about your child specifically, the best step is to speak with our River Kids leaders or share your interest via the Welcome Form so they can guide you. Our goal is confidence with character: serving God joyfully, not performing for applause.",Families & Children,Medium,,Will my child have opportunities to perform?,,,Approved,,,Q0129,,Yes
Q0130,"Confidence grows when a child feels loved, capable, and guided—then gets chances to try again without shame. Start by affirming effort (not just results), giving small responsibilities at home, and helping them practise one skill consistently (sports, music, reading, speaking). Spiritually, children gain confidence when they know God loves them and they belong. At ROLCC, River Kids helps children learn Scripture and worship in a safe, encouraging environment, and parents are supported too. If anxiety or fear feels intense, don’t hesitate to seek wise counsel early—support is strength.",Families & Children,Medium,,How can my child build confidence?,,,Approved,,,Q0130,,Yes
Q0131,"Yes. Life at ROLCC is more than a Sunday service. We encourage people to grow through Cell Fellowship/Midweek Fellowship, prayer gatherings (including fasting prayers), serving teams, and training environments like our Pre Ministry Diploma (PMD). These weekday rhythms are often where friendships form and spiritual growth becomes practical. If you share your details through the Welcome Form or speak to our team after service, we can point you to what’s running right now and what fits your schedule and season of life.",General,High,,Are there activities beyond Sunday?,,,Approved,,,Q0131,,Yes
Q0132,"Yes—teenagers can get involved, in age-appropriate ways. Serving helps young people grow in faith, confidence, and responsibility. At ROLCC, teens can often support areas like Ushers & Welcome, Media/Production, outreach, and worship-related roles (with guidance), and also grow through Cell Fellowship and church community. The best next step is for a parent/guardian to connect with our team and share the teen’s interest through the Welcome Form so the right leader can guide the process and place them well.",Families & Children,Medium,,Can teenagers get involved in serving?,,,Approved,,,Q0132,,Yes
Q0133,"Help your child build Christian friendships by giving them consistent, faith-filled spaces with the same people. Friendships grow through repetition, not one-time events. At ROLCC, River Kids & Family is a great start—children learn Scripture and worship together, and they meet others in their age group. For parents, being part of Cell Fellowship also helps because kids often form friendships with other families. Encourage your child to participate regularly, and model community yourself—children learn belonging by watching you choose it too.",Families & Children,High,,How do I help my child build Christian friendships?,,,Approved,,,Q0133,,Yes
Q0134,"Yes—mentoring is part of healthy church life, though it usually happens through relationships rather than a “programme” only. At ROLCC, many young people find guidance through pastors/leaders, serving teams, and Cell Fellowship where growth and accountability become personal. A practical next step is to get connected consistently and let a leader know you’re looking for mentoring (via the Welcome Form or by speaking with our team). As trust forms, we can help connect you to the right people who can walk with you in faith, character, and calling.",Serving & Ministry,Medium,,Is there mentoring for young people?,,,Approved,,,Q0134,,Yes
Q0135,"Yes—church can be a meaningful place for children to discover and develop their talents, because gifts grow best with encouragement and purpose. At ROLCC, River Kids helps children grow in worship, Scripture, and confidence in age-appropriate ways. As they grow, there may also be pathways into music, creativity, or serving alongside family. The key is consistency: help your child show up, participate, and practise. If you want guidance for your child specifically, connect with the River Kids & Family team through the Welcome Form so a leader can help you with next steps.",Families & Children,High,,Can my child discover their talents at church?,,,Approved,,,Q0135,,Yes
Q0138,"Purpose isn’t usually found in one moment—it’s formed through walking with Jesus and faithfully doing the next right thing. Start with what God clearly calls every believer to: love God, love people, and grow in His Word. Then notice where your gifts and burdens meet real needs. At ROLCC, a practical way to discover this is to join Cell Fellowship, serve in one ministry area for a season (Welcome, Media, Outreach, River Kids, etc.), and ask a pastor/leader for guidance. Clarity often comes while you’re moving, not while you’re stuck waiting.",General,Medium,,How do I discover my purpose?,,,Approved,,,Q0138,,Yes
Q0139,"Use your talents where they serve people and honour Jesus, not just where they get applause. At ROLCC, there are many practical places to use what you’re good at: Ushers & Welcome, Media & Production, River Kids & Family, worship-related roles, outreach, and behind-the-scenes support. A simple next step is to share your interest through the Welcome Form or speak with our team so the right department leader can connect with you. Start with one area for a few weeks—your gifts become clearer as you serve consistently.",General,High,,I have talents. Where can I use them?,,,Approved,,gifts-discover,Q0139,How can I discover the gifts God has given me?,Yes
Q0141,"Yes—design is a real gift, and it can serve the church well. At ROLCC, designers often help with communication, event creatives, social media, sermon series visuals, slides, and storytelling that helps people engage with God’s Word. A practical next step is to share your skills (portfolio if you have one) through the Welcome Form or speak with our team, and we’ll connect you with the right leader—often within Media/Production. Serving with your strengths is a great way to belong and contribute meaningfully.",Finding & Visiting Church,High,,I'm a designer. Can I help at church?,,,Approved,,,Q0141,,Yes
Q0142,"Yes—tech skills are extremely helpful, and many roles are behind-the-scenes. At ROLCC, you could potentially serve in Media & Production (sound, slides, livestream, visuals), systems support, or other technology-related needs as we grow. The easiest next step is to share your interest and skill set through the Welcome Form or speak with our team after service, so a department leader can connect with you and guide the process. You don’t need to be perfect—just dependable, teachable, and willing to serve with humility.",Serving & Ministry,High,,I'm good with technology. Can I volunteer?,,,Approved,,,Q0142,,Yes
Q0143,"God’s guidance usually becomes clearer through Scripture, prayer, wise counsel, and faithful obedience in small steps. Start with what God has already revealed: live with integrity, love people, grow in His Word, and serve. Then ask: What has God gifted me for, and what needs around me move my heart? At ROLCC, joining Cell Fellowship, serving in a ministry team for a season, and speaking with a pastor/leader can help bring clarity. God rarely guides the passive—direction often comes while you’re walking with Him.",General,Medium,,How do I know what God wants me to do?,,,Approved,,,Q0143,,Yes
Q0144,"Give your weekend a purpose by choosing one thing that strengthens your soul and one thing that serves someone else. Rest matters, but so does meaning. A practical rhythm is: gather with God’s people, learn His Word, and take one step of obedience. At ROLCC, Sundays can anchor your week, and Cell Fellowship helps you stay connected beyond a service. Serving is another way weekends gain meaning—Ushers & Welcome, Outreach, Media/Production, River Kids, and prayer-related teams all help you invest your time into something eternal, not just another routine.",General,Medium,,I want my weekends to mean something.,,,Approved,,,Q0144,,Yes
Q0145,"It’s a gift that you feel peace in church—but don’t stop there. God’s peace isn’t meant to be limited to one room; He wants to meet you in everyday life. If church is your only peaceful place, it may be a sign you need deeper healing, stronger spiritual rhythms, and supportive community. At ROLCC, consider asking for prayer, joining Cell Fellowship, and reaching out to our Counselling Ministry if anxiety or heaviness follows you outside church. Peace can grow from a moment into a lifestyle as you walk closely with Jesus.",Finding & Visiting Church,Medium,,Is it okay if church is the only place I feel peaceful?,,,Approved,,,Q0145,,Yes
Q0146,"Yes—you can start again. God isn’t waiting to shame you; He’s inviting you back. Start simple: one honest sentence. “Lord, I’m here. Help me.” You don’t need perfect words—just a real heart. If it helps, read a short Psalm and respond to God in your own words. At ROLCC, you can also ask someone to pray with you through our Prayer Ministry, and if you’re carrying deeper pain or confusion, our Counselling Ministry can support you. Prayer is a relationship, and relationships can be rebuilt.",Care & Hope,High,,I haven't prayed in years. Can I start again?,,,Approved,,prayer-restart,Q0146,I don't know how to pray anymore. | Can I come back after making mistakes?,Yes
Q0147,"Begin with one honest step toward God, not a big performance. Tell Him the truth: “I feel far. Help me come back.” Then rebuild simple rhythms—Scripture, prayer, and fellowship—because distance from God often grows when we isolate. At ROLCC, connecting through Cell Fellowship can help you stay steady, and our Prayer Ministry is available if you want someone to pray with you. If the disconnection is tied to pain, burnout, or sin patterns, our Counselling Ministry can also help with biblical care and practical guidance. Start small, but start today.",General,High,,I feel disconnected from God. Where do I begin?,,,Approved,,disconnected-god,Q0147,"Why do I feel disconnected from God? | I don't know how to read the Bible. | I want to believe, but I can't. | I don't know what I believe anymore. | I have doubts about God.",Yes
Q0149,"You’re not the only one—many people walk in without knowing anyone. The best way to change that is to choose one connection path and be consistent. At ROLCC, you can fill the Welcome Form so someone can help you get connected, and consider joining Cell Fellowship where conversations happen naturally in a smaller group. Serving is another great bridge—when you join a team like Ushers & Welcome, Media/Production, River Kids, or Outreach, you meet people while doing something meaningful. Don’t measure belonging by one Sunday—give it a few weeks.",Finding & Visiting Church,High,,I don't know anyone at church.,,,Approved,,disconnected-church,Q0149,I don't feel connected at church.,Yes
Q0150,"I’m sorry you felt that way—church should never feel like a place where you disappear. Sometimes it happens because a big room can feel anonymous, not because people don’t care. A practical next step is to take one small step toward connection: fill the Welcome Form, speak to someone from Ushers & Welcome, or ask to be connected to a Cell Fellowship where you can be known by name. If you’ve been carrying loneliness or hurt for a while, our Counselling Ministry is also available. You matter to God, and you should be seen in God’s family too.",Finding & Visiting Church,High,,I feel invisible when I attend church.,,,Approved,,,Q0150,,Yes
Q0176,"Yes. Christianity has been examined, debated, and defended for centuries by scholars, historians, philosophers, scientists, and everyday believers alike. While faith involves trust, it is not a leap without reason. At ROLCC, we encourage honest questions, thoughtful exploration, and discovering for yourself what the Bible teaches about Jesus and the Christian faith.",Faith & Exploring Christianity,,,Is Christianity intellectually defensible?,,,Approved,,,Q0176,,Yes
Q0177,"Yes. Many Christians see science and Christianity as complementary rather than contradictory. Science helps us understand how the world works, while the Bible reveals who created it, why we exist, and God's purpose for humanity. At ROLCC, we encourage thoughtful exploration and believe that honest scientific inquiry and Christian faith can coexist.",Faith & Exploring Christianity,,,Can science and Christianity coexist?,,,Approved,,,Q0177,,Yes
Q0178,"People from every background—including scientists, doctors, engineers, historians, philosophers, and academics—believe in God. For many, faith is not the absence of reason but a thoughtful response to the evidence they have explored, the person of Jesus Christ, and their own experience of God. At ROLCC, we welcome honest questions and encourage everyone to examine the Christian faith with both an open mind and an open heart.",Faith & Exploring Christianity,,,Why do intelligent people believe in God?,,,Approved,,,Q0178,,Yes
Q0179,"No. Christian faith is not the opposite of reason—it invites us to seek truth with both our hearts and our minds. Throughout history, many scientists, philosophers, and scholars have been followers of Jesus. At ROLCC, we encourage honest questions and thoughtful exploration, believing that faith and reason can work together as we seek to understand God's truth through His Word.",Faith & Exploring Christianity,,,Is faith the opposite of reason?,,,Approved,,,Q0179,,Yes
Q0180,"Many Christians hold different views on how God created the world and how to understand the relationship between creation and evolution. What unites Christians is the belief that God is the Creator and that Jesus Christ is Lord. At ROLCC, we're committed to teaching what the Bible says and helping people explore these questions with humility, honesty, and God's Word.",Faith & Exploring Christianity,,,Can I believe in evolution and still be a Christian?,,,Approved,,,Q0180,,Yes
Q0181,"The existence of Jesus is supported not only by the Bible but also by several ancient historical sources outside the Bible. His life, crucifixion, and the rapid growth of the early Christian church are widely recognised by historians. Christians ultimately believe Jesus is who He claimed to be because of His life, teachings, death, and resurrection. At ROLCC, we'd be glad to explore the historical evidence and what the Bible reveals about Him.",Faith & Exploring Christianity,,,What evidence is there for Jesus?,,,Approved,,,Q0181,,Yes
Q0182,"The Bible has been carefully preserved and studied for thousands of years, and its historical reliability is supported by ancient manuscripts, archaeology, and fulfilled prophecy. More importantly, Christians trust the Bible because they believe it is God's inspired Word, revealing His character, His plan of salvation, and His truth. At ROLCC, we're committed to helping people explore the Bible with both faith and thoughtful understanding.",Faith & Exploring Christianity,,,How reliable is the Bible?,,,Approved,,,Q0182,,Yes
Q0183,"Suffering is one of life's deepest and most difficult questions. While the Bible doesn't answer every ""why,"" it does reveal that God is not distant from our pain. In Jesus, we see a God who entered our broken world, suffered alongside us, and offers hope beyond our present circumstances. At ROLCC, we'd be honoured to explore this question with you through God's Word, prayer, and honest conversation.",Faith & Exploring Christianity,,,Why does God allow suffering?,,,Approved,,,Q0183,,Yes
Q0184,"Christians are united by their faith in Jesus Christ, though different denominations have developed over time because of differences in church history and the interpretation of certain biblical teachings. At ROLCC, our heart is ""Back to the Bible."" We are committed to faithfully preaching and teaching God's Word, proclaiming the Gospel of Jesus Christ, and helping people know Him, grow in their faith, and live according to His Word.",About ROLCC,,,Why are there so many denominations?,,,Approved,,,Q0184,,Yes
Q0185,"Christians believe Jesus is God because of what He said about Himself, what He did, and what the Bible reveals about Him. Throughout the New Testament, Jesus claimed authority that belongs to God alone, received worship, forgave sins, and demonstrated His power through His life, death, and resurrection. If you're exploring this question, we'd love to help you discover what the Bible says and why this belief is central to the Christian faith.",Faith & Exploring Christianity,,,Why do Christians believe Jesus is God?,,,Approved,,,Q0185,,Yes
Q0196,"Absolutely. You're welcome to come with your Christian friend, family member, or anyone who invites you. Whether you're simply curious or exploring the Christian faith, we'd be glad to welcome you to ROLCC and hope you'll feel at home.",Finding & Visiting Church,,,Can I come with my Christian friend?,,,Approved,,,Q0196,,Yes
Q0201,"Yes. Choosing a church home is an important decision and shouldn't be rushed. We encourage you to prayerfully visit churches, examine whether Christ is at the centre, God's Word is faithfully taught, and there is a community where you can grow spiritually and serve. Take the time you need to seek God's leading before making your decision.",Finding & Visiting Church,High,,Can I attend different churches before choosing one?,,,Approved,,,Q0201,,Yes
Q0203,"Yes. ROLCC is a Bible-believing Pentecostal church. We believe in the authority of God's Word, salvation through Jesus Christ, the work of the Holy Spirit, and living out the Christian faith in everyday life. Our commitment is to ""Back to the Bible""—faithfully preaching and teaching God's Word while helping people grow as disciples of Jesus Christ.",About ROLCC,High,,Is this a Pentecostal church?,,,Approved,,denomination-tradition; rolcc-identity,Q0217,Is this an Evangelical church? | Is this a Charismatic church? | Is ROLCC a Pentecostal church?,No
Q0206,"Yes. ROLCC is a Bible-believing church committed to faithfully preaching and teaching God's Word. We believe the Bible is God's inspired Word and the foundation for our faith, worship, and daily living. Our heart is ""Back to the Bible""—helping people know God, grow in His Word, and live according to its truth.",About ROLCC,High,,Is this a Bible-believing church?,,,Approved,,bible-believing; rolcc-identity,Q0217,Does this church teach the Bible faithfully?,No
Q0207,"ROLCC believes that the Bible is God's inspired Word, Jesus Christ is the Son of God and the only way of salvation, and that every person is invited into a relationship with Him through faith. We believe in the transforming work of the Holy Spirit, the power of prayer, the importance of Christian community, and making disciples who live according to God's Word. Our commitment is to ""Back to the Bible""—faithfully preaching, teaching, and living out its truth.",About ROLCC,High,,What does this church believe?,,,Approved,,church-beliefs; rolcc-identity,Q0217,What does ROLCC believe?,No
Q0208,"Yes. ROLCC is a church for people of all ages and stages of life. Families can worship together, children can grow through our River Kids Ministry, and there are opportunities throughout the week for parents, youth, and individuals to build meaningful relationships, grow in their faith, and serve together.",About ROLCC,High,,Is this church suitable for families?,,,Approved,,church-audience,Q0208,Is this church suitable for young professionals? | Is this church suitable for college students? | Is ROLCC a family-friendly church?,Yes
Q0217,"ROLCC is a Christ-centred, Bible-believing church committed to ""Back to the Bible."" We faithfully preach and teach God's Word, proclaim the Gospel of Jesus Christ, and help people grow as His disciples. As a Pentecostal church, we value the work of the Holy Spirit, passionate worship, prayer, and authentic Christian community.",About ROLCC,High,,What kind of church is ROLCC?,,,Approved,,rolcc-identity,Q0217,What denomination is this church? | What makes ROLCC different from other churches in Bangalore? | Who usually attends ROLCC? | Is this a Pentecostal church? | Is this a Bible-believing church? | What does this church believe?,Yes
Q0223,"ROLCC currently holds Sunday services in **English** and **Tamil**. Our church family also includes people from many parts of India and around the world, and you'll find members who speak languages such as **Hindi, Malayalam, Telugu, Kannada, Bengali, Nepali, and several North East Indian languages**. If you're new to Bangalore, we'd be happy to help you connect with people who speak your language and help you feel at home.",About ROLCC,High,,What languages are spoken at ROLCC?,,,Approved,,languages-services,Q0223,"What languages are spoken at the church? | Do you have English services? | Do you have Tamil services? | Can I attend if I don't speak English or Tamil? | Is the service in English? | Will I be able to connect with people who speak Hindi, Malayalam, Telugu, Nepali, Bengali, or other Indian languages?",Yes
Q0225,"Absolutely. While our Sunday services are held in English and Tamil, our church family includes people who speak Hindi, Malayalam, Telugu, Kannada, Bengali, Nepali, and several North East Indian languages. If you're new to Bangalore, we'd be glad to help you connect with people who speak your language and help you feel at home.",Language & Culture,High,,"Will I be able to connect with people who speak Hindi, Malayalam, Telugu, Nepali, Bengali, or other Indian languages?",,,Approved,,language-culture; languages-services,Q0223,Can someone help me if I speak Hindi? | Will I find people from my home state? | I'm new to Bangalore. Will I find people from my state or language background? | Is there someone who speaks Malayalam? | Can someone help me connect with Telugu families? | Are there Nepali believers at ROLCC? | Is there a Hindi-speaking pastor or volunteer? | Will I find people from North East India? | Can I worship in English but still connect with people from my state? | I don't speak Tamil. Will I feel included? | I'm new to Bangalore and miss speaking my language.,No
Q0228,"Absolutely. You're welcome to attend ROLCC without becoming a member. We encourage you to take time to get to know the church, build relationships, ask questions, and prayerfully decide if ROLCC is where God is leading you to grow and serve.",Finding & Visiting Church,High,,Can I simply attend without becoming a member?,,,Approved,,visit-no-member,Q0228,My spouse is a Christian but I'm not. Can we attend together?,Yes
Q0230,"Congratulations on your new journey together. ROLCC is a place where couples can grow in their relationship with God and one another through biblical teaching, Christian community, Cell Fellowships, and opportunities to serve together as they build a Christ-centred marriage.",Young Families & Couples,High,,We're looking for a church as a newly married couple.,,,Approved,,young-couples-church,Q0230,We're moving to Bangalore after marriage. How do we find a church?,Yes
Q0232,"Absolutely. Many couples find that serving together strengthens both their faith and their relationship. At ROLCC, there are opportunities to serve side by side in various ministries while growing together in Christ.",Young Families & Couples,High,,Can couples serve together?,,,Approved,,couples-serve,Q0232,My spouse and I want to serve God together. | Can couples lead together? | How do we discover God's calling as a couple?,Yes
Q0233,"Absolutely. Whether you're studying in Bangalore or have recently moved here, ROLCC is a place where you can grow in your faith, build lasting friendships, and discover God's purpose for your life. Through Cell Fellowships, church activities, mentoring, and opportunities to serve, you'll find a community where you can belong and grow.",Belonging & Loneliness,High,,I'm a college student. Is there a place for me?,,,Approved,,student-church,Q0233,Can I attend church if I'm studying in Bangalore away from home? | How do I make friends as a student? | Are there activities for college students?,Yes
Q0239,"Absolutely. If you're visiting for the first time, there's no expectation for you to know the order of the service, the songs, or when to stand or sit. Simply follow along as you're comfortable, and if you have any questions, our pastors and church family will be happy to help.",Finding & Visiting Church,High,,Is it okay if I don't know what to do during the service?,,,Approved,,,Q0239,,Yes
Q0242,"If you're looking to serve on weekends, ROLCC offers opportunities across ministries such as River Kids, hospitality, media, worship, outreach, administration, and more. We'd be glad to help you find a place where your gifts and availability can make a meaningful difference.",Volunteering & Skills,High,,How can I volunteer on weekends in Bangalore?,,,Approved,,volunteer-weekend,Q0242,Can I volunteer instead of donating? | Where can I volunteer during weekends? | Can volunteering help me grow personally? | Do you provide volunteer certificates? | Can I complete my social internship? | Can I join as a student volunteer? | Can I volunteer on weekends?,Yes
Q0243,"If you're looking to make a meaningful difference, ROLF provides opportunities to serve individuals, families, and communities through education, community care, outreach, and other initiatives. Whether you can give your time, skills, or resources, we'd be glad to help you find a meaningful way to serve.",Giving & CSR,High,,Where can I do meaningful charity work?,,,Approved,,charity-meaningful,Q0243,How can I give back to society? | How can I make a difference in my community?,Yes
Q0246,"You can make a lasting impact by supporting educational initiatives that help children reach their God-given potential. Through ROLF, you can contribute by sponsoring programmes, volunteering your skills, mentoring students, or partnering with us to provide quality education and opportunities for underprivileged children.",Giving & CSR,High,,How do I support education for underprivileged children?,,,Approved,,child-sponsorship,Q0246,How can I help underprivileged children in Bangalore? | Where can I volunteer with children? | Where can I sponsor a child's education? | Can I sponsor a specific child?,Yes
Q0249,"Absolutely. Through ROLF, we welcome partnerships with businesses, organisations, and institutions that share a desire to make a positive impact in the community. We'd be glad to explore CSR initiatives, community projects, educational programmes, and other opportunities to serve together.",Giving & CSR,High,,Can our company partner with a local NGO?,,,Approved,,company-partnership,Q0249,We want our employees to volunteer. | Can your organization partner with us? | Can our school collaborate with your children's initiatives? | Can our church partner with your ministry?,Yes
Q0250,"If your donation is made to ROLF and qualifies under the applicable provisions of the Income Tax Act, it may be eligible for 80G tax benefits. Please contact us for the latest information and the required donation receipt and documentation.",Giving & CSR,High,,Is my donation eligible for 80G?,,,Approved,,,Q0250,,Yes
Q0251,"We believe in being responsible stewards of every donation. Contributions are prayerfully used to support the ministries and community initiatives they are designated for. If you'd like to know more about how donations are used, we'd be happy to provide further information.",Giving & CSR,High,,How do I know where my donation is used?,,,Approved,,,Q0251,,Yes
Q0257,"Absolutely. Your time, skills, and experience can make a meaningful difference. Whether your expertise is in teaching, media, technology, administration, healthcare, design, finance, mentoring, or another field, we'd be glad to explore how you can serve through ROLCC or ROLF.",Giving & CSR,High,,Can I donate my skills instead of money?,,,Approved,,donate-in-kind,Q0257,"Can I sponsor music education? | Can I support a family in need? | Can I donate monthly? | Can I donate books, clothes or instruments?",Yes
Q0259,"Your professional skills can make a meaningful difference. At ROLCC, software engineers and technology professionals can serve in areas such as technology, media, digital ministry, administration, training, and other initiatives where their expertise can help advance God's work.",Volunteering & Skills,High,,I'm a software engineer. How can I volunteer?,,,Approved,,volunteer-skills,Q0259,I'm a designer. Can I contribute? | I'm a doctor. Can I volunteer? | I'm a photographer. Can I serve? | Can I teach spoken English? | Can I teach computer skills? | Can I help with career guidance? | I'm a software engineer. How can I serve? | I'm a doctor. How can I serve God? | I'm an entrepreneur. How can I make an impact? | Can software engineers serve God? | Can entrepreneurs serve in church? | I don't want to leave my career but I want to serve God. | How do I use my profession for God's Kingdom?,Yes
Q0261,"Your skills can make a lasting impact. At ROLCC and ROLF, teachers can serve by supporting children's education, mentoring students, assisting with River Kids, tutoring, or using their experience in programmes that help children grow academically, emotionally, and spiritually.",Families & Children,High,,I'm a teacher. How can I help children?,,,Approved,,,Q0261,,Yes
Q0263,"Absolutely. If you have a heart for teaching and the necessary musical skills, there may be opportunities to serve through ROL's School of Music by helping children develop their musical abilities while encouraging their personal and spiritual growth.",Families & Children,High,,I'm a musician. Can I teach children?,,,Approved,,,Q0263,,Yes
Q0265,"Yes. If you have the experience, maturity, and a heart to invest in others, there may be opportunities to mentor students and young believers. At ROLCC, we value discipleship and carefully equip mentors to encourage others in both their faith and everyday life.",Serving & Ministry,High,,Can I mentor students?,,,Approved,,,Q0265,,Yes
Q0269,"Absolutely. Serving together is a wonderful way to grow in faith as a family while blessing others. Depending on the ministry and the ages of your children, there may be opportunities for families to serve together in outreach, hospitality, community initiatives, and other church ministries.",Volunteering & Skills,High,,Can we volunteer together as a family?,,,Approved,,family-volunteer,Q0269,Can my children participate in charity activities? | Are there family volunteering opportunities? | Can teenagers volunteer? | Can families volunteer together?,Yes
Q0271,"Children learn compassion by seeing it lived out every day. As you model kindness, generosity, forgiveness, and care for others, they begin to reflect those same values. At ROLCC, we encourage families to grow together through God's Word, prayer, serving others, and opportunities to care for those in need.",Families & Children,High,,How do I teach my children compassion?,,,Approved,,,Q0271,,Yes
Q0279,"We all long for a place where we're known, valued, and encouraged. At ROLCC, we believe true belonging is found in a relationship with Jesus and in a Christ-centred community where people grow, serve, and walk through life together.",Belonging & Loneliness,High,,Where do I belong?,,,Approved,,belonging-core,Q0279,How do I find people who genuinely care? | I'm tired of feeling alone. | Can church become family? | Can church become my second family? | I want my life to matter beyond work.,Yes
Q0283,"That's okay. Faith and commitment are important decisions that shouldn't be rushed. You're welcome to attend ROLCC, ask honest questions, get to know the community, and explore the Christian faith as you seek God's leading. When you're ready to take your next step, we'll be glad to walk alongside you.",General,High,,What if I'm not ready to commit?,,,Approved,,explore-own-pace,Q0122,,No
Q0284,"Absolutely. If life feels overwhelming, you're welcome to come just as you are. At ROLCC, we hope you'll find a place to encounter God's presence, hear His Word, and be encouraged by a caring church family as you take your next step.",General,High,,Is it okay to just come and breathe?,,,Approved,,quiet-visit,Q0298,,No
Q0285,"Absolutely. Following Jesus is a lifelong journey, and spiritual growth happens one step at a time. At ROLCC, we're committed to walking alongside you through Sunday services, Cell Fellowships, Bible classes, mentoring, and opportunities to serve—encouraging you to keep taking your next step in faith.",General,High,,Can I take my faith journey one step at a time?,,,Approved,,explore-own-pace,Q0122,,No
Q0286,"At ROLCC, we want everyone to feel seen, cared for, and supported. If you're struggling, we'd encourage you not to carry it alone. Reach out to one of our pastors or leaders—we'd be honoured to listen, pray with you, and walk alongside you.",General,High,,Will someone notice if I'm struggling?,,,Approved,,,Q0286,,Yes
Q0287,"Absolutely. None of us have life completely figured out. Whether you're searching for answers, facing challenges, or simply exploring faith, you're welcome at ROLCC. Come as you are, ask honest questions, and take your next step as you grow in your relationship with God.",General,High,,Can I come even if I don't have everything figured out?,,,Approved,,explore-own-pace,Q0122,,No
Q0288,"Moving to a new city can feel overwhelming, but you don't have to do it alone. At ROLCC, you'll have opportunities to connect through Sunday services, Cell Fellowships, ministry activities, and other gatherings throughout the week, helping you build meaningful friendships and feel at home in Bangalore.",Belonging & Loneliness,High,,I'm relocating to Bangalore. How do I find community quickly?,,,Approved,,settle-bangalore,Q0288,I only know my colleagues. How do I build a life outside work? | I've lived in Bangalore for years but still don't feel at home. | How do I meet people beyond my workplace? | We moved to Bangalore for work. How do we build a family community? | Can church help me feel settled in Bangalore? | I'm relocating to Bangalore from the US/UK/Africa. Which church should I attend?,Yes
Q0290,"If your weekends feel empty, it may be an opportunity to slow down, reconnect with God, and build meaningful relationships. At ROLCC, weekends are more than just attending a service—they're an opportunity to worship, grow in God's Word, meet new people, and become part of a community that walks through life together.",General,High,,My weekends feel empty. How can I find purpose?,,,Approved,,,Q0290,,Yes
Q0293,"Absolutely. Moving to a new city can be challenging, but you don't have to navigate it alone. At ROLCC, you'll find a welcoming community where you can build friendships, grow in your faith, and connect through Cell Fellowships, church activities, and opportunities to serve as you settle into life in Bangalore.",Finding & Visiting Church,High,,Can church help me feel settled in Bangalore?,,,Approved,,settle-bangalore,Q0288,,No
Q0295,"Absolutely. You're welcome to attend ROLCC, take your time, and explore the Christian faith without feeling pressured. You're free to listen, ask honest questions, and take your next step as you seek God.",Finding & Visiting Church,High,,Can I attend without feeling pressured?,,,Approved,,,Q0295,,Yes
Q0298,"Yes. Everyone responds to worship differently. If you're not ready to participate fully, you're welcome to worship quietly, reflect on God's Word, and engage at your own pace as you grow in your relationship with Him.",Finding & Visiting Church,High,,Can I simply worship quietly?,,,Approved,,quiet-visit,Q0298,I just need a peaceful place this Sunday. | I'm socially exhausted. | I don't want to meet lots of people today. | Is it okay if I don't stay after the service? | Can I take things at my own pace? | Is it okay to just come and breathe?,Yes
Q0301,"Absolutely. You're welcome at ROLCC whether you're exploring faith, have questions, or simply want to understand Christianity. You're free to attend, listen, ask honest questions, and explore what the Bible teaches at your own pace.",Faith & Exploring Christianity,High,,Can I attend church even if I don't believe in God?,,,Approved,,faith-nonbeliever; non-christian-welcome,Q0016,Can I attend without pretending to believe? | Will people respect my questions? | Can I have conversations instead of debates? | What if I never become a Christian?,No
Q0306,"Meaningful friendships grow through shared life, not just shared interests. At ROLCC, you'll find opportunities to build genuine relationships through Cell Fellowships, serving together, prayer, and church activities throughout the week. As you grow in your faith alongside others, friendships often grow naturally too.",Belonging & Loneliness,High,,How do adults make genuine friends anymore?,,,Approved,,adult-friendship,Q0306,I know many people but don't have close friends. | I'm tired of superficial relationships.,Yes
Q0310,"Spiritual growth is best nurtured through relationships. At ROLCC, you'll have opportunities to connect with pastors, ministry leaders, and mature believers who can encourage, guide, pray with you, and help you grow in your walk with Christ.",Mentorship & Leadership,High,,Where can I find mentors?,,,Approved,,mentorship,Q0310,Do you train leaders? | Is there accountability? | Is there mentoring? | I'm looking for a spiritual mentor. | Can someone disciple me? | Who can guide me in my faith? | I'm a young leader looking for mentorship. | Can I be mentored for ministry? | How do I grow as a Christian leader? | Does your church mentor young professionals? | Can married couples receive mentoring? | Is there leadership mentoring?,Yes
Q0311,"Absolutely. Christian growth is strengthened through encouragement and accountability. At ROLCC, Cell Fellowships, mentoring, and genuine relationships provide opportunities to pray together, encourage one another, and grow faithfully in your walk with Christ.",Finding & Visiting Church,High,,Can I find accountability in church?,,,Approved,,,Q0311,,Yes
Q0318,"Absolutely. God uses ordinary people to accomplish extraordinary things. Every believer has God-given gifts, and at ROLCC there are opportunities for everyone to serve, encourage others, and make a meaningful impact as part of the body of Christ.",Finding & Visiting Church,High,,Can ordinary people make a difference in church?,,,Approved,,,Q0318,,Yes
Q0320,"Absolutely. ROL's School of Music welcomes learners of all ages. Whether you're learning for the first time, returning after a break, or hoping to serve through music, we offer training in vocals and a variety of musical instruments for children, youth, and adults.",Worship & Music,High,,Can adults learn music too?,,,Approved,,,Q0320,,Yes
Q0325,"Joining the worship ministry begins with a heart to worship God and serve His people. As you become part of the ROLCC family, grow in your faith, and develop your musical gifts, our worship leaders will guide you through the next steps, including mentoring, training, and the ministry's onboarding process.",Worship & Music,High,,How does someone become part of the worship ministry?,,,Approved,,worship-ministry,Q0325,Can I join the worship team if I'm a beginner? | Do I need experience to serve in worship? | Can my child learn worship instruments? | Can I volunteer in music before becoming a member? | Can I use my musical gifts for God? | Do you encourage children to participate in worship? | How do I become a worship leader? | Can I receive worship ministry training? | Can I join a worship team without experience?,Yes
Q0337,"True rest is more than taking time off—it begins with finding peace in God. Jesus invites us to come to Him when we're weary and burdened. At ROLCC, we encourage people to find lasting rest through God's presence, His Word, prayer, and a Christ-centred community that walks alongside one another.",Burnout & Mental Health,High,,How do I find rest beyond taking a vacation?,,,Approved,,rest-peace,Q0337,I feel successful but empty.,Yes
Q0339,"Yes. Burnout affects more than your energy—it can impact your emotional, spiritual, and physical well-being. At ROLCC, we're here to walk alongside you through prayer, biblical encouragement, pastoral care, and a supportive church community as you seek God's strength and restoration.",Burnout & Mental Health,High,,Can church help with burnout?,,,Approved,,burnout,Q0339,I feel emotionally exhausted all the time. | I'm constantly stressed. How do I find peace?,Yes
Q0343,"Prayer doesn't remove every difficulty, but it helps us bring our worries to God and find His peace in the midst of them. At ROLCC, we believe prayer, God's Word, wise support, and Christian community all play an important role as we trust God through anxious seasons.",Burnout & Mental Health,High,,Can prayer really help with anxiety?,,,Approved,,anxiety-prayer,Q0343,I don't enjoy anything anymore. | Why do I feel disconnected from everyone?,Yes
Q0344,"Absolutely. No matter how long you've been away, you're always welcome to return. At ROLCC, we'd be honoured to walk alongside you as you reconnect with God through His Word, prayer, and a caring church community.",Returning to Faith,High,,I grew up in church but drifted away. Can I come back?,,,Approved,,returning-faith,Q0344,I haven't been to church in years. Can I come back? | Will I be judged if I return after a long time? | Will people judge me for disappearing from church?,Yes
Q0345,"Start with one step. We recommend beginning with one of the Gospels, such as John or Mark, to discover who Jesus is. At ROLCC, we'd be glad to help you understand the Bible through Sunday messages, Cell Fellowships, Bible classes, and conversations with our pastors and leaders.",Returning to Faith,High,,I haven't opened a Bible in years. Where do I start?,,,Approved,,reconnect-god,Q0345,I want to reconnect with God. Where do I start? | How do I reconnect with God after years away?,Yes
Q0346,"Seasons like this can happen, but they don't have to be the end of your story. Keep seeking God through prayer, His Word, and Christian community. At ROLCC, we'd be honoured to walk alongside you as you grow closer to Him again.",Returning to Faith,High,,I don't feel close to God anymore.,,,Approved,,drifted-from-god,Q0346,Can I restart my faith journey?,Yes
Q0349,"Yes. God's grace is greater than our failures. Through Jesus Christ, forgiveness and a new beginning are available to everyone who turns to Him in faith. At ROLCC, you'll find a community that points people to the hope, mercy, and transforming love of Christ.",Returning to Faith,High,,I've made mistakes. Will God still accept me?,,,Approved,,,Q0349,,Yes
Q0351,"Yes. Church is more than a place you attend—it's a family where people worship, grow, and walk through life together. At ROLCC, our prayer is that you'll find a Christ-centred community where you feel known, encouraged, and at home as you grow in your relationship with God.",Finding & Visiting Church,High,,Can church feel like home again?,,,Approved,,,Q0351,,Yes
Q0353,"Yes. ROLCC is committed to strengthening marriages and families. We offer pastoral guidance, mentoring, marriage enrichment initiatives, parenting encouragement, Cell Fellowships, and a supportive church community to help couples grow together in their relationship with God and one another through every stage of life.",Young Families & Couples,High,,How can church support us in our marriage and family life?,,,Approved,,,Q0353,,Yes
Q0354,"Absolutely. Families with young children are always welcome at ROLCC. We provide a caring River Kids Ministry to help children learn about God in a safe and engaging environment, allowing parents to participate in the service with greater peace of mind.",Young Families & Couples,High,,We have a toddler. Can we still attend church comfortably?,,,Approved,,young-families,Q0354,"We're both working. Is there a place for our family? | We're expecting our first child. Does the church have support for young parents? | How do we balance work, marriage and church?",Yes
Q0355,"Raising children with Christian values begins at home and is strengthened through a Christ-centred church community. At ROLCC, we partner with parents by teaching God's Word, encouraging prayer, building godly friendships, and helping children develop a faith that shapes their everyday lives.",Families & Children,High,,How do we raise our children with Christian values in today's world?,,,Approved,,parenting-values,Q0355,Can my spouse and I meet other young families?,Yes
Q0360,"If you're looking for ministry opportunities in Bangalore, we'd love to help you find a place to grow and serve. At ROLCC, there are opportunities across worship, media, River Kids, outreach, hospitality, administration, prayer, discipleship, and many other ministries where you can use your God-given gifts.",Work & Calling,High,,I'm looking for ministry opportunities in Bangalore.,,,Approved,,,Q0360,,Yes
Q0361,"God's calling is often recognised as you grow in your relationship with Him, faithfully serve where you are, and receive confirmation through His Word, prayer, and wise spiritual counsel. At ROLCC, we're committed to helping you discern and develop God's calling through mentoring, ministry training, and practical opportunities to serve.",Work & Calling,High,,How do I know if God is calling me into ministry?,,,Approved,,ministry-calling,Q0361,How do I know God's purpose for my life? | I know my profession. How do I discover my calling? | Can my career be part of God's purpose? | How do I discover my spiritual gifts? | How do I know where I should serve? | Does everyone have a calling? | Is full-time ministry only for pastors? | How do I discover my ministry calling? | I feel called by God but don't know where to begin. | Is ministry only for pastors?,Yes
Q0362,"Absolutely. Many people faithfully serve God while working full-time. At ROLCC, we encourage believers to honour God through their profession, remain active in church life, and use their gifts to serve both in their workplace and through the ministries of the church.",Work & Calling,High,,Can I serve God while working a full-time job?,,,Approved,,serve-while-working,Q0362,How do I balance work and ministry? | How do I serve God while working in IT? | Can my career be part of God's calling? | Can I serve God while working full time? | How do I balance career and calling? | We both work full time. Can we still serve? | How do we balance family and ministry? | How do I grow in ministry while working professionally? | Can I serve in church without leaving my career? | Can I have a successful career and still serve God? | Can professionals be involved in ministry? | Is business also ministry?,Yes
Q0364,"Preparing for ministry begins with growing in your relationship with God, knowing His Word, and faithfully serving where He has placed you. At ROLCC, we help people prepare through Bible teaching, ministry training, mentoring, practical serving, and opportunities to develop their God-given gifts.",Serving & Ministry,High,,How do I prepare for ministry?,,,Approved,,,Q0364,,Yes
Q0365,"If you're moving to Bangalore for ministry, look for a church where Christ is at the centre, God's Word is faithfully taught, and you'll be encouraged to grow, serve, and remain accountable. If you're near HSR Layout, we'd love to welcome you to ROLCC and help you become part of our church family.",Serving & Ministry,High,,I'm moving to Bangalore for ministry. Which church should I join?,,,Approved,,,Q0365,,Yes
Q0366,"Yes. ROLCC periodically offers internship opportunities for those who want to grow in ministry, leadership, and practical church service. If you're interested, we'd be glad to discuss current opportunities and help you find a pathway that matches your calling, gifts, and stage of growth.",Ministry Training & Internships,High,,Can I intern at a church?,,,Approved,,ministry-intern,Q0366,I'm studying at a Bible college. Can I serve at your church? | I'm doing ministry training. Can I intern with your church? | Are there opportunities for ministry students? | Can I gain practical ministry experience? | Can I shadow a pastor? | Can I serve while continuing my theological studies? | Do you host ministry interns? | Which churches accept Bible college interns? | Can I intern while studying theology? | Can I gain pastoral experience? | Can I shadow pastors?,Yes
Q0368,"Many people faithfully serve God while pursuing their professional careers. At ROLCC, we encourage you to stay rooted in God's Word, be part of a Cell Fellowship, serve in ministry, and continue growing through mentoring and ministry training. We believe your profession and your ministry can work together to glorify God.",Serving & Ministry,High,,How do I grow in ministry while working professionally?,,,Approved,,serve-while-working,Q0362,,No
Q0369,"Absolutely. God calls many people to serve Him while faithfully pursuing their careers. At ROLCC, we encourage professionals to use their God-given gifts both in their workplace and in the life of the church through ministries, outreach, mentoring, and serving opportunities.",Serving & Ministry,High,,Can I serve in church without leaving my career?,,,Approved,,serve-while-working,Q0362,,No
Q0372,"Yes. Finding where you fit often takes time. At ROLCC, we're happy to help you explore different ministry opportunities, discover your gifts, and serve where your strengths, passion, and calling can make the greatest impact.",Serving & Ministry,High,,Can I volunteer in different ministries before deciding where I fit?,,,Approved,,,Q0372,,Yes
Q0380,"Absolutely. If you have a heart for children and a desire to help them grow in their faith, we'd love to help you explore opportunities to serve in our River Kids Ministry. All volunteers go through our onboarding process to help provide a safe, caring, and Christ-centred environment for every child.",Families & Children,High,,Can I assist in children's ministry?,,,Approved,,,Q0380,,Yes
Q0386,"Absolutely. Following Jesus and pursuing a successful career are not opposites. We believe God can use your profession, influence, and abilities to serve others, honour Him, and advance His Kingdom. At ROLCC, we're passionate about helping people live out their faith both at work and in everyday life.",Serving & Ministry,High,,Can I have a successful career and still serve God?,,,Approved,,serve-while-working,Q0362,,No
Q0388,"Every profession can be an opportunity to honour God. Whether you're a student, business owner, homemaker, artist, engineer, healthcare professional, teacher, or in any other field, you can glorify God by working with integrity, serving others with excellence, and reflecting the character of Christ. At ROLCC, we're passionate about helping people see their workplace as a mission field and their profession as part of God's calling for their lives.",General,High,,How do I honour God through my profession?,,,Approved,,,Q0388,,Yes
Q0390,"God can use the skills He's given you to serve His Kingdom. Whether you're in technology, business, education, healthcare, media, finance, design, law, or another profession, there are opportunities at ROLCC to use your experience to strengthen the church, serve the community, and help others grow in Christ.",Finding & Visiting Church,High,,How do I use my professional skills in church?,,,Approved,,,Q0390,,Yes
Q0396,"Absolutely. ROLCC welcomes people from every nation, culture, and background. Whether you're visiting Bangalore, studying, working, or living here, we'd be delighted to welcome you into our church family and help you feel at home.",International & Visitors,High,,Is your church welcoming to international visitors?,,,Approved,,international-welcome,Q0396,Is there an international community at your church? | Do you have people from different countries? | Will I feel welcome if I'm visiting from another country? | Can international students join the church? | Is there an international fellowship? | Can I attend while I'm in India for a few months? | I'm travelling for business. Can I attend this Sunday?,Yes
Q0398,"Absolutely. Whether you're in Bangalore for work, studies, ministry, or a short stay, you're always welcome at ROLCC. We'd be glad to have you worship with us, connect with our church family, and be part of the community during your time here.",International & Visitors,High,,Can I attend while I'm in India for a few months?,,,Approved,,international-short-stay; international-welcome,Q0396,I'm an exchange student. Can I join? | I'm working in Bangalore temporarily. Can I be part of your church? | Can I attend even if I'm only here for six months?,No
Q0404,"Absolutely. Our Cell Fellowships are open to everyone, including international students. They're a great place to build friendships, grow in your faith, ask questions, and find a supportive community while you're in Bangalore.",Serving & Ministry,High,,Can I join a small group as an international student?,,,Approved,,international-cell,Q0404,Can I volunteer while I'm in India?,Yes
Q0405,"Absolutely. If you're visiting Bangalore for business or a short trip, you're warmly welcome to join us this Sunday. Whether you're here for a few days or a few months, we'd be delighted to worship with you and help you feel at home during your stay.",International & Visitors,High,,I'm travelling for business. Can I attend this Sunday?,,,Approved,,international-business; international-welcome,Q0396,I'm visiting India. Can I attend church? | I'm in Bangalore for business. Can I attend this Sunday?,No
Q0406,"Yes. ROLCC is located in HSR Layout, making it easily accessible from Electronic City, Koramangala, Bellandur, Sarjapur Road, BTM Layout, and nearby areas. We'd love to welcome you if you're looking for a Bible-believing church in South-East Bangalore.",Finding & Visiting Church,High,,Is your church close to Electronic City / HSR / Koramangala?,,,Approved,,,Q0406,,Yes
Q0409,"Yes. Discipleship is at the heart of life at ROLCC. We help people grow as followers of Jesus through biblical teaching, Cell Fellowships, mentoring, ministry training, opportunities to serve, and walking together in Christian community.",Faith & Exploring Christianity,High,,Is there discipleship?,,,Approved,,faith-discipleship,Q0409,Do you believe in the gifts of the Holy Spirit? | Do you have systematic Bible study? | Can I grow spiritually here?,Yes
Q0417,"Yes. ROLCC offers ministry training to help believers grow in biblical understanding, leadership, practical ministry, and Christ-like character. Whether you're exploring ministry or preparing to serve, our training is designed to equip you to serve God faithfully and effectively.",Ministry Training & Internships,High,,Is there ministry training?,,,Approved,,ministry-training,Q0417,Are there churches that mentor future leaders? | Does your church mentor people who sense a call to ministry? | Does your church mentor young pastors? | Are there opportunities to preach or teach? | Does your church help develop future ministry leaders? | Does the church equip believers for ministry?,Yes
Q0423,"Absolutely. We welcome missionaries who are visiting, serving, or relocating to Bangalore. We'd be glad to connect with you, learn about your ministry, pray with you, and explore opportunities for fellowship and partnership where appropriate.",Serving & Ministry,High,,Can missionaries connect with your church?,,,Approved,,,Q0423,,Yes
Q0438,"Absolutely. Ministry isn't limited to pastors or full-time church staff. At ROLCC, we encourage professionals from every field to use their God-given skills and experience to serve God's Kingdom. Whether you're an engineer, doctor, teacher, entrepreneur, designer, accountant, media professional, or in any other profession, your gifts can make a meaningful impact both inside and outside the church.",Serving & Ministry,High,,Can professionals be involved in ministry?,,,Approved,,serve-while-working,Q0362,,No
Q0440,"Yes. Every honest profession can become a ministry when it is done to honour God and serve others. Whether you're running a business, working in an office, teaching, caring for patients, building technology, or serving in any other field, your workplace can be a place to reflect Christ's character and share His love. At ROLCC, we're passionate about helping people see their everyday work as part of God's calling.",Serving & Ministry,High,,Is business also ministry?,,,Approved,,serve-while-working,Q0362,,No
Q0445,"Working for a church is more than a job—it's an opportunity to use your skills to serve God's Kingdom. At ROLCC, we occasionally have opportunities in areas such as administration, media, finance, teaching, operations, and ministry. If you're interested in joining our team, we'd be glad to help you explore current opportunities and where your gifts and experience may best fit.",Serving & Ministry,High,,How do I work for a church?,,,Approved,,,Q0445,,Yes
Q0446,"The qualifications depend on the role. While some ministries require specific skills or experience, what matters most is a growing relationship with Jesus, a servant's heart, integrity, and a willingness to learn. At ROLCC, we consider both character and capability, and we'll help you find a role that matches your gifts, experience, and stage of spiritual growth.",Serving & Ministry,High,,What qualifications do churches look for?,,,Approved,,,Q0446,,Yes
Q0447,"Yes. ROLCC has opportunities to serve in church administration and other support ministries. If you have skills in administration, coordination, communication, finance, operations, or related areas, we'd be glad to help you explore how your gifts can be used to serve the church. Depending on the role, some positions are voluntary while others may be part of our ministry staff.",Serving & Ministry,High,,Can I work in church administration?,,,Approved,,,Q0447,,Yes
Q0462,"If you're relocating to Bangalore, finding a church where you can grow spiritually and build meaningful relationships is an important part of settling in. If you'll be living near HSR Layout or South-East Bangalore, we'd love to welcome you to ROLCC. Our church family includes people from across India and around the world, making it easy to find community, grow in your faith, and feel at home.",International & Visitors,High,,I'm relocating to Bangalore from the US/UK/Africa. Which church should I attend?,,,Approved,,international-relocate; settle-bangalore,Q0288,I'm new to Bangalore. Can this church help me settle in? | 'm new to Bangalore. Can I attend your church?,No
